{
  "hash": "ab221c73",
  "configHash": "8aeb22da",
  "lockfileHash": "06637876",
  "browserHash": "956e2e2f",
  "optimized": {
    "@angular/common": {
      "src": "../../../../../node_modules/@angular/common/fesm2022/common.mjs",
      "file": "@angular_common.js",
      "fileHash": "ee3c03f5",
      "needsInterop": false
    },
    "@angular/core": {
      "src": "../../../../../node_modules/@angular/core/fesm2022/core.mjs",
      "file": "@angular_core.js",
      "fileHash": "96d90ac4",
      "needsInterop": false
    },
    "@angular/forms": {
      "src": "../../../../../node_modules/@angular/forms/fesm2022/forms.mjs",
      "file": "@angular_forms.js",
      "fileHash": "c41a91df",
      "needsInterop": false
    },
    "@angular/platform-browser": {
      "src": "../../../../../node_modules/@angular/platform-browser/fesm2022/platform-browser.mjs",
      "file": "@angular_platform-browser.js",
      "fileHash": "bd67400c",
      "needsInterop": false
    },
    "@angular/router": {
      "src": "../../../../../node_modules/@angular/router/fesm2022/router.mjs",
      "file": "@angular_router.js",
      "fileHash": "37d0d4ce",
      "needsInterop": false
    },
    "bootstrap": {
      "src": "../../../../../node_modules/bootstrap/dist/js/bootstrap.esm.js",
      "file": "bootstrap.js",
      "fileHash": "aec701a7",
      "needsInterop": false
    },
    "rxjs": {
      "src": "../../../../../node_modules/rxjs/dist/esm5/index.js",
      "file": "rxjs.js",
      "fileHash": "547f9be2",
      "needsInterop": false
    }
  },
  "chunks": {
    "chunk-GMLZ55ZL": {
      "file": "chunk-GMLZ55ZL.js"
    },
    "chunk-ZRIJAZOZ": {
      "file": "chunk-ZRIJAZOZ.js"
    },
    "chunk-W6L4VWD7": {
      "file": "chunk-W6L4VWD7.js"
    },
    "chunk-FDESMX7I": {
      "file": "chunk-FDESMX7I.js"
    },
    "chunk-XWLXMCJQ": {
      "file": "chunk-XWLXMCJQ.js"
    }
  }
}